Placement,Team,Elo,LastPlayed
1,Spirit,1345,2026-09-06 18:33:16.889593
2,Team Falcons,1279,2026-09-04 17:05:20.303674
3,Vitality,1252,2026-10-03 13:19:24.952101
4,MOUZ,1237,2026-10-03 17:26:22.497906
5,Natus Vincere,1199,2026-10-03 20:04:09.175773
6,FUT Esports,1161,2026-08-31 20:57:49.834391
6,FURIA,1161,2026-10-03 20:04:09.166765
8,TheMongolz,1121,2026-09-08 09:09:57.009977
9,Aurora Gaming,1120,2026-09-20 21:03:17.844385
10,G2,1119,2026-10-03 20:04:09.175484
11,Astralis,1116,2026-09-08 20:07:31.116955
12,Legacy,1084,2026-10-03 13:19:24.961764
13,9z,1083,2026-08-16 17:06:22.165635
14,PARIVISION,1066,2026-10-03 13:19:24.962316
15,SAW,1064,2026-07-30 16:16:10.360047
16,FaZe,1048,2026-08-20 15:35:56.079169
17,B8,1035,2026-08-20 15:35:56.086813
18,magic,1032,2026-09-10 09:39:18.273963
19,GamerLegion,1022,2026-09-08 17:27:48.650701
20,Inner Circle Esports,1015,2026-08-29 13:34:34.932584
21,BetBoom Team,1013,2026-10-03 20:04:09.167075
22,HOTU,1001,2026-07-25 17:39:25.815785
22,EYEBALLERS,1001,2026-10-03 20:04:09.164137
22,100 Thieves,1001,2026-08-14 19:27:18.893043
22,DENDELE CS,1001,2026-08-26 14:28:35.352399
26,JiJieHao,1000,2026-08-15 18:54:49.751628
27,Liquid,999,2026-07-30 16:16:10.360820
28,9INE,995,2026-07-30 16:16:10.359922
29,1WIN,994,2026-10-03 13:19:24.952451
30,Team Nemesis,992,2026-07-21 16:38:23.691336
31,Nuclear TigeRES,991,2026-07-21 17:57:01.631498
32,Monte,990,2026-09-17 21:43:34.623919
33,Team Next Level,987,2026-08-02 15:30:03.879225
34,Venom,986,2026-07-21 12:51:34.166199
35,Alliance,985,2026-09-09 09:50:30.591577
36,ODDIK,983,2026-07-30 16:16:10.359642
36,FriendlyCampers,983,2026-07-30 16:16:10.359795
38,Wildcard Gaming,981,2026-07-30 16:16:10.359516
39,FOKUS,976,2026-07-25 19:51:51.504428
40,RED Canids,972,2026-07-21 12:51:34.165976
41,Imperial,971,2026-07-30 16:16:10.359388
42,THUNDER dOWNUNDER,968,2026-09-04 17:05:20.302982
43,3DMAX,967,2026-08-15 16:18:47.137146
44,Virtus.pro,966,2026-07-30 16:16:10.359127
44,SemperFi Esports,966,2026-08-31 15:26:11.175682
44,Chinggis Warriors,966,2026-07-30 16:16:10.359253
47,Nemiga,965,2026-07-22 16:50:15.882633
48,Sharks,962,2026-09-04 17:05:20.302891
49,Gentle Mates,960,2026-07-23 18:09:44.641881
49,ENCE,960,2026-07-30 16:16:10.358998
49,Luminosity,960,2026-08-13 13:41:31.746306
52,Fisher College,956,2026-08-12 10:33:40.908038
53,Rooster,954,2026-10-03 13:19:24.951292
53,TYLOO,954,2026-09-08 13:36:30.107798
55,Metizport,951,2026-07-30 16:16:10.358869
56,Voca,946,2026-07-09 15:45:22.188770
57,paiN,945,2026-08-28 17:30:10.069185
58,ECSTATIC,944,2026-07-30 16:16:10.358737
59,BIG,942,2026-09-08 13:36:30.116980
60,Complexity,941,2026-08-12 10:33:40.907897
61,Heroic,939,2026-07-24 15:55:00.723108
62,K27,937,2026-08-14 19:27:18.899184
63,fnatic,935,2026-07-30 16:16:10.358585
63,FlyQuest,935,2026-09-05 19:52:39.412487
65,Gaimin Gladiators,934,2026-09-04 17:05:20.302794
66,OG,928,2026-07-23 21:45:58.042543
67,The Huns Esports,925,2026-08-12 10:33:40.907721
67,Lynn Vision,925,2026-08-27 21:01:19.558498
69,Wildcard,920,2026-08-15 14:01:08.049249
70,M80,918,2026-10-03 17:26:22.498223
71,Sinners,912,2026-10-03 13:19:24.951112
72,Rare Atom,910,2026-07-30 16:16:10.358451
73,BC.Game Esports,905,2026-08-19 17:12:40.095717
73,Fluxo,905,2026-07-30 16:16:10.358259
75,Passion UA,904,2026-08-12 10:33:40.907527
76,MIBR,900,2026-09-19 21:36:56.655516
77,NIP,876,2026-08-16 18:54:40.570499
78,NRG,858,2026-09-18 18:31:45.810052
